_id,userType,createdAt,isBlocked,isActive,verifiedEmailAt,verifiedPhoneAt,referralAddress,publicAddress,phoneNumber,gender,avatar,googleId,email,fullName,username,socials,cover
ObjectId(62c7d4714ed39182513e65ff),broker,2022-07-08T04:30:40.823Z,false,true,2022-07-08T06:53:37.766Z,,,,,prefer_not_not_say,avatar/dc8b460a-39c6-4374-8d2c-44dbcc8a8771.png,103281727040089061428,duoinhungconmuak@gmail.com,Min yết,yuki.nguyen1411,"[{""key"":""linkedin"",""value"":""https://www.linkedin.com/in/yuki-nguyen-579aa0195/""}]",cover/0bdc95d1-58c1-403f-941f-80395e90bcd8.png
ObjectId(62c7e956bb49b3c0faea5fa1),agency,2022-07-08T07:49:18.257Z,false,true,,,,,+84944567886,prefer_not_not_say,avatar/fd337555-ade5-44bd-9682-738849b65dca.png,,duoinhungconmuak@gmail.comm,Đoàn Trung Duy,user#f7zl69,"[{""key"":""linkedin"",""value"":""https://www.linkedin.com/in/david-doan-3b0984166""},{""key"":""facebook"",""value"":""https://www.facebook.com/doan.t.duy""}]",cover/115e7a85-a282-4327-a58e-7741db891260.png
ObjectId(62c7f061bb49b3c0faea60d3),broker,2022-07-08T07:49:18.257Z,false,true,,,,,+84987617989,prefer_not_not_say,,,,Thiều Kim Lăng,user#5d14a9,[],
ObjectId(62c7f061bb49b3c0faea60d4),broker,2022-07-08T07:49:18.257Z,false,true,,,,,+84946098696,prefer_not_not_say,,,,Thiều Hồng Nhung,user#n2i6c6,[],
ObjectId(62c7f061bb49b3c0faea60d5),broker,2022-07-08T07:49:18.257Z,false,true,,,,,+84862063236,prefer_not_not_say,,,,Nguyễn Dương Quỳnh Anh,user#1tqto3,[],
ObjectId(62c7f061bb49b3c0faea60d6),broker,2022-07-08T07:49:18.257Z,false,true,,,,,+84962516615,prefer_not_not_say,,,,Vũ Ngọc Dương,user#gpl38u,[],
ObjectId(62c7f061bb49b3c0faea60d7),broker,2022-07-08T07:49:18.257Z,false,true,,,,,+84869148837,prefer_not_not_say,,,,Vũ Thu Hằng,user#ac1dvh,[],
ObjectId(62c7f061bb49b3c0faea60d8),broker,2022-07-08T07:49:18.257Z,false,true,,,,,+84326994065,prefer_not_not_say,,,,Phạm Huyền Khánh Ly,user#ap3tov,[],
ObjectId(62c7f061bb49b3c0faea60d9),broker,2022-07-08T07:49:18.257Z,false,true,,,,,+84368668959,prefer_not_not_say,,,,Dương Minh Tiến,user#e9pmcs,[],
ObjectId(62c7f061bb49b3c0faea60da),broker,2022-07-08T07:49:18.257Z,false,true,,,,,+84789368899,prefer_not_not_say,,,,Đặng Vũ Minh Khánh,user#f71e64,[],
ObjectId(62c7f061bb49b3c0faea60db),broker,2022-07-08T07:49:18.257Z,false,true,,,,,+84943259889,prefer_not_not_say,,,,Đặng Ngọc Thúy,user#x1tl66,[],
ObjectId(62c7f061bb49b3c0faea60dc),broker,2022-07-08T07:49:18.257Z,false,true,,,,,+84868820866,prefer_not_not_say,,,,Đỗ Thúy Hằng,user#y6pfkx,[],
ObjectId(62c7f061bb49b3c0faea60dd),broker,2022-07-08T07:49:18.257Z,false,true,,,,,+84375001681,prefer_not_not_say,,,,Hoàng Xuân Tùng,user#djee64,[],
ObjectId(62c7f061bb49b3c0faea60de),broker,2022-07-08T07:49:18.257Z,false,true,,,,,+84335707398,prefer_not_not_say,,,,Lưu Thị Thu Hiền,user#jpww4q,[],
ObjectId(62c7f061bb49b3c0faea60df),broker,2022-07-08T07:49:18.257Z,false,true,,,,,+84846326323,prefer_not_not_say,,,,Nguyễn Thị Ngọc Anh ,user#0uv4vp,[],
ObjectId(62c7f061bb49b3c0faea60e0),broker,2022-07-08T07:49:18.257Z,false,true,,,,,+84912183141,prefer_not_not_say,,,,Bùi Hoàng Trâm Anh,user#crkbyk,[],
ObjectId(62c7f061bb49b3c0faea60e1),broker,2022-07-08T07:49:18.257Z,false,true,,,,,+84862531002,prefer_not_not_say,,,,Vũ Thị Lan Anh,user#plfn6i,[],
ObjectId(62c7f061bb49b3c0faea60e2),broker,2022-07-08T07:49:18.257Z,false,true,,,,,+84981066834,prefer_not_not_say,,,,Nguyễn Thị Thùy Anh,user#ms9mqq,[],
ObjectId(62c7f061bb49b3c0faea60e3),broker,2022-07-08T07:49:18.257Z,false,true,,,,,+84968835453,prefer_not_not_say,,,,Trần Khánh Linh,user#ni1pbg,[],
ObjectId(62c7f061bb49b3c0faea60e4),broker,2022-07-08T07:49:18.257Z,false,true,,,,,+84914118897,prefer_not_not_say,,,,Đỗ Anh Đức,user#if997j,[],
ObjectId(62c7f061bb49b3c0faea60e5),broker,2022-07-08T07:49:18.257Z,false,true,,,,,+84981233315,prefer_not_not_say,,,,Vũ Thị Nga,user#2phdw7,[],
ObjectId(62c7f061bb49b3c0faea60e6),broker,2022-07-08T07:49:18.257Z,false,true,,,,,+84988938592,prefer_not_not_say,,,,Nguyễn Tiến Mạnh,user#8e9fmh,[],
ObjectId(62c7f061bb49b3c0faea60e7),broker,2022-07-08T07:49:18.257Z,false,true,,,,,+84862690295,prefer_not_not_say,,,,Đặng Thanh Phương,user#xkar9i,[],
ObjectId(62c7f061bb49b3c0faea60e8),broker,2022-07-08T07:49:18.257Z,false,true,,,,,+84356661838,prefer_not_not_say,,,,Hoàng Văn Hậu ,user#3y2gc9,[],
ObjectId(62c7f061bb49b3c0faea60e9),broker,2022-07-08T07:49:18.257Z,false,true,,,,,+84962344146,prefer_not_not_say,,,,Nguyễn Thị Hồng,user#qmtnnh,[],
ObjectId(62c7f061bb49b3c0faea60ea),broker,2022-07-08T07:49:18.257Z,false,true,,,,,+84964629443,prefer_not_not_say,,,,Trần Thị Lan,user#vsb2go,[],
ObjectId(62c7f061bb49b3c0faea60eb),broker,2022-07-08T07:49:18.257Z,false,true,,,,,+84978908251,prefer_not_not_say,,,,Nguyễn Duy Long ,user#uv2imy,[],
ObjectId(62c7f061bb49b3c0faea60ec),broker,2022-07-08T07:49:18.257Z,false,true,,,,,+84972221190,prefer_not_not_say,,,,Cao Đức Mạnh,user#5gm1ok,[],
ObjectId(62c7f061bb49b3c0faea60ed),broker,2022-07-08T07:49:18.257Z,false,true,,,,,+84976715134,prefer_not_not_say,,,,Lê Văn Dũng ,user#6laxmy,[],
ObjectId(62c7f061bb49b3c0faea60ee),broker,2022-07-08T07:49:18.257Z,false,true,,,,,+84978908205,prefer_not_not_say,,,,Bồ Xuân Trường,user#t8d5jp,[],
ObjectId(62c7f061bb49b3c0faea60ef),broker,2022-07-08T07:49:18.257Z,false,true,,,,,+84972469596,prefer_not_not_say,,,,Nguyễn Văn Sơn,user#0xo90y,[],
ObjectId(62c7f061bb49b3c0faea60f0),broker,2022-07-08T07:49:18.257Z,false,true,,,,,+84356875779,prefer_not_not_say,,,,Phạm Minh Bang,user#ilr3sf,[],
ObjectId(62c7f061bb49b3c0faea60f1),broker,2022-07-08T07:49:18.257Z,false,true,,,,,+84967849314,prefer_not_not_say,,,,Nguyễn Đức Quân,user#cnz2q3,[],
ObjectId(62c7f061bb49b3c0faea60f2),broker,2022-07-08T07:49:18.257Z,false,true,,,,,+84888833656,prefer_not_not_say,,,,Nguyễn Văn Trung,user#p892nn,[],
ObjectId(62c7f061bb49b3c0faea60f3),broker,2022-07-08T07:49:18.257Z,false,true,,,,,+84986661033,prefer_not_not_say,,,,Đinh Như Cường,user#xo65f7,[],
ObjectId(62c7f061bb49b3c0faea60f4),broker,2022-07-08T07:49:18.257Z,false,true,,,,,+84927539666,prefer_not_not_say,,,,Đinh Văn Quang,user#hjrmx7,[],
ObjectId(62c7f061bb49b3c0faea60f5),broker,2022-07-08T07:49:18.257Z,false,true,,,,,+84979697802,prefer_not_not_say,,,,Lê Minh Tuân,user#lgdquj,[],
ObjectId(62c7f061bb49b3c0faea60f6),broker,2022-07-08T07:49:18.257Z,false,true,,,,,+84903224972,prefer_not_not_say,,,,Lê Hồng Phúc ,user#5ic6x1,[],
ObjectId(62c7f061bb49b3c0faea60f7),broker,2022-07-08T07:49:18.257Z,false,true,,,,,+84362639332,prefer_not_not_say,,,,Phạm Thanh Tâm,user#599gf4,[],
ObjectId(62c7f061bb49b3c0faea60f8),broker,2022-07-08T07:49:18.257Z,false,true,,,,,+84345089893,prefer_not_not_say,,,,Đặng Thái Quyền,user#pn6722,[],
ObjectId(62c7f061bb49b3c0faea60f9),broker,2022-07-08T07:49:18.257Z,false,true,,,,,+84836648973,prefer_not_not_say,,,,Hoàng Văn Tuấn ,user#qzqhgg,[],
ObjectId(62c7f061bb49b3c0faea60fa),broker,2022-07-08T07:49:18.257Z,false,true,,,,,+84943027293,prefer_not_not_say,,,,Vũ Tùng Lâm,user#vgg9cb,[],
ObjectId(62c7f061bb49b3c0faea60fb),broker,2022-07-08T07:49:18.257Z,false,true,,,,,+84392208695,prefer_not_not_say,,,,Trần Thị Hương,user#hxwn6b,[],
ObjectId(62c7f061bb49b3c0faea60fc),broker,2022-07-08T07:49:18.257Z,false,true,,,,,+84944962063,prefer_not_not_say,,,,Phạm Ngọc Anh,user#vdue1l,[],
ObjectId(62c7f061bb49b3c0faea60fd),broker,2022-07-08T07:49:18.257Z,false,true,,,,,+84326531111,prefer_not_not_say,,,,Nguyễn Văn Ngọc,user#cj158a,[],
ObjectId(62c7f061bb49b3c0faea60fe),broker,2022-07-08T07:49:18.257Z,false,true,,,,,+84327044445,prefer_not_not_say,,,,Trần Ngọc Anh Quân,user#yjafjj,[],
ObjectId(62c7f061bb49b3c0faea60ff),broker,2022-07-08T07:49:18.257Z,false,true,,,,,+84333135877,prefer_not_not_say,,,,Lương Minh Quân,user#jeaetf,[],
ObjectId(62c7f061bb49b3c0faea6100),broker,2022-07-08T07:49:18.257Z,false,true,,,,,+84333989845,prefer_not_not_say,,,,Nguyễn Mạnh Cường,user#axlfej,[],
ObjectId(62c7f061bb49b3c0faea6101),broker,2022-07-08T07:49:18.257Z,false,true,,,,,+84336096471,prefer_not_not_say,,,,Trần Văn Mạnh,user#rhr9lp,[],
ObjectId(62c7f061bb49b3c0faea6102),broker,2022-07-08T07:49:18.257Z,false,true,,,,,+84336651601,prefer_not_not_say,,,,Ngô Thị Hương Ly,user#6sw39p,[],
ObjectId(62c7f061bb49b3c0faea6103),broker,2022-07-08T07:49:18.257Z,false,true,,,,,+84338301084,prefer_not_not_say,,,,Nông Thị Anh Thư,user#f0w670,[],
ObjectId(62c7f061bb49b3c0faea6104),broker,2022-07-08T07:49:18.257Z,false,true,,,,,+84343938668,prefer_not_not_say,,,,Hoàng Trung Hiếu,user#kx59ry,[],
ObjectId(62c7f061bb49b3c0faea6105),broker,2022-07-08T07:49:18.257Z,false,true,,,,,+84346018855,prefer_not_not_say,,,,Trần Thị Minh Hiền,user#1wx963,[],
ObjectId(62c7f061bb49b3c0faea6106),broker,2022-07-08T07:49:18.257Z,false,true,,,,,+84353726094,prefer_not_not_say,,,,Bùi Hữu Hưng,user#38cwal,[],
ObjectId(62c7f061bb49b3c0faea6107),broker,2022-07-08T07:49:18.257Z,false,true,,,,,+84358076666,prefer_not_not_say,,,,Lương Thế Vinh,user#3gbtvx,[],
ObjectId(62c7f061bb49b3c0faea6108),broker,2022-07-08T07:49:18.257Z,false,true,,,,,+84366633268,prefer_not_not_say,,,,Nguyễn Xuân Trường,user#ucxjcq,[],
ObjectId(62c7f061bb49b3c0faea6109),broker,2022-07-08T07:49:18.257Z,false,true,,,,,+84367036588,prefer_not_not_say,,,,Phạm Thị Đào,user#sca3i0,[],
ObjectId(62c7f061bb49b3c0faea610a),broker,2022-07-08T07:49:18.257Z,false,true,,,,,+84367196988,prefer_not_not_say,,,,Nguyễn Thanh Tùng,user#v3muwd,[],
ObjectId(62c7f061bb49b3c0faea610b),broker,2022-07-08T07:49:18.257Z,false,true,,,,,+84368077836,prefer_not_not_say,,,,Nguyễn Văn Quỳnh,user#dgd1au,[],
ObjectId(62c7f061bb49b3c0faea610c),broker,2022-07-08T07:49:18.257Z,false,true,,,,,+84369379228,prefer_not_not_say,,,,Trần Hữu Thế,user#fszq46,[],
ObjectId(62c7f061bb49b3c0faea610d),broker,2022-07-08T07:49:18.257Z,false,true,,,,,+84373748596,prefer_not_not_say,,,,Phạm Thị Thủy Linh,user#notl8d,[],
ObjectId(62c7f061bb49b3c0faea610e),broker,2022-07-08T07:49:18.257Z,false,true,,,,,+84374369764,prefer_not_not_say,,,,Phạm Quỳnh Anh,user#j3l5wo,[],
ObjectId(62c7f061bb49b3c0faea610f),broker,2022-07-08T07:49:18.257Z,false,true,,,,,+84375209268,prefer_not_not_say,,,,Lê Thị Hải Yên,user#lafg8a,[],
ObjectId(62c7f061bb49b3c0faea6110),broker,2022-07-08T07:49:18.257Z,false,true,,,,,+84377459051,prefer_not_not_say,,,,Đỗ Thị Mai,user#ya596r,[],
ObjectId(62c7f061bb49b3c0faea6111),broker,2022-07-08T07:49:18.257Z,false,true,,,,,+84377666345,prefer_not_not_say,,,,Phạm Văn Hiệu,user#bhvrl9,[],
ObjectId(62c7f061bb49b3c0faea6112),broker,2022-07-08T07:49:18.257Z,false,true,,,,,+84378568880,prefer_not_not_say,,,,Bùi Tuấn Dương,user#riv8ym,[],
ObjectId(62c7f061bb49b3c0faea6113),broker,2022-07-08T07:49:18.257Z,false,true,,,,,+84384121968,prefer_not_not_say,,,,Phạm Văn Minh,user#6xty1s,[],
ObjectId(62c7f061bb49b3c0faea6114),broker,2022-07-08T07:49:18.257Z,false,true,,,,,+84385884321,prefer_not_not_say,,,,Vũ Anh Tuấn,user#2nfl1o,[],
ObjectId(62c7f061bb49b3c0faea6115),broker,2022-07-08T07:49:18.257Z,false,true,,,,,+84386736993,prefer_not_not_say,,,,Trương Thanh Long,user#lviefl,[],
ObjectId(62c7f061bb49b3c0faea6116),broker,2022-07-08T07:49:18.257Z,false,true,,,,,+84389266428,prefer_not_not_say,,,,Nguyễn Thị Nhị,user#am7d9v,[],
ObjectId(62c7f061bb49b3c0faea6117),broker,2022-07-08T07:49:18.257Z,false,true,,,,,+84393567014,prefer_not_not_say,,,,Trịnh Đình Khải,user#f6sv63,[],
ObjectId(62c7f061bb49b3c0faea6118),broker,2022-07-08T07:49:18.257Z,false,true,,,,,+84393876875,prefer_not_not_say,,,,Trần Minh Thúy,user#m1vlt8,[],
ObjectId(62c7f061bb49b3c0faea6119),broker,2022-07-08T07:49:18.257Z,false,true,,,,,+84396551728,prefer_not_not_say,,,,Trần Quốc Tuấn,user#sa382v,[],
ObjectId(62c7f061bb49b3c0faea611a),broker,2022-07-08T07:49:18.257Z,false,true,,,,,+84523337777,prefer_not_not_say,,,,Hoàng Thiện Nhất,user#tgc6lv,[],
ObjectId(62c7f061bb49b3c0faea611b),broker,2022-07-08T07:49:18.257Z,false,true,,,,,+84562344444,prefer_not_not_say,,,,Lê Hải Nam,user#cda3ne,[],
ObjectId(62c7f061bb49b3c0faea611c),broker,2022-07-08T07:49:18.257Z,false,true,,,,,+84762181998,prefer_not_not_say,,,,Phạm Đức Toàn,user#r0e91q,[],
ObjectId(62c7f061bb49b3c0faea611d),broker,2022-07-08T07:49:18.257Z,false,true,,,,,+84796060273,prefer_not_not_say,,,,Đoàn Phương Thảo,user#ml0a3m,[],
ObjectId(62c7f061bb49b3c0faea611e),broker,2022-07-08T07:49:18.257Z,false,true,,,,,+84852816088,prefer_not_not_say,,,,Nguyễn Ngọc Trung,user#mseuwe,[],
ObjectId(62c7f061bb49b3c0faea611f),broker,2022-07-08T07:49:18.257Z,false,true,,,,,+84853333194,prefer_not_not_say,,,,Vũ Văn Phú,user#gubqd4,[],
ObjectId(62c7f061bb49b3c0faea6120),broker,2022-07-08T07:49:18.257Z,false,true,,,,,+84856265666,prefer_not_not_say,,,,Trương Thị Nương ,user#dpl1u2,[],
ObjectId(62c7f061bb49b3c0faea6121),broker,2022-07-08T07:49:18.257Z,false,true,,,,,+84858889262,prefer_not_not_say,,,,nguyễn thế cầu,user#ngjr6e,[],
ObjectId(62c7f061bb49b3c0faea6122),broker,2022-07-08T07:49:18.257Z,false,true,,,,,+84862981326,prefer_not_not_say,,,,Phạm Thị Lan Anh,user#xto6e0,[],
ObjectId(62c7f061bb49b3c0faea6123),broker,2022-07-08T07:49:18.257Z,false,true,,,,,+84865498722,prefer_not_not_say,,,,Bùi mạnh hùng hải,user#7q0wy7,[],
ObjectId(62c7f061bb49b3c0faea6124),broker,2022-07-08T07:49:18.257Z,false,true,,,,,+84869359390,prefer_not_not_say,,,,Lê Thành Luân,user#hgus71,[],
ObjectId(62c7f061bb49b3c0faea6125),broker,2022-07-08T07:49:18.257Z,false,true,,,,,+84886199926,prefer_not_not_say,,,,Ngô Thị Ngọc Thảo,user#47f5s1,[],
ObjectId(62c7f061bb49b3c0faea6126),broker,2022-07-08T07:49:18.257Z,false,true,,,,,+84886637893,prefer_not_not_say,,,,Phạm Huy Hoàng,user#p85ofy,[],
ObjectId(62c7f061bb49b3c0faea6127),broker,2022-07-08T07:49:18.257Z,false,true,,,,,+84899599937,prefer_not_not_say,,,,Nguyễn Văn Dũng,user#f15v4r,[],
ObjectId(62c7f061bb49b3c0faea6128),broker,2022-07-08T07:49:18.257Z,false,true,,,,,+84904637339,prefer_not_not_say,,,,Nguyễn Thị Thu Hà,user#zvoruh,[],
ObjectId(62c7f061bb49b3c0faea6129),broker,2022-07-08T07:49:18.257Z,false,true,,,,,+84906323847,prefer_not_not_say,,,,Chu Huy Mạnh,user#nh5o4x,[],
ObjectId(62c7f061bb49b3c0faea612a),broker,2022-07-08T07:49:18.257Z,false,true,,,,,+84911040202,prefer_not_not_say,,,,Nguyễn Thị Thùy Dung,user#lw5owk,[],
ObjectId(62c7f061bb49b3c0faea612b),broker,2022-07-08T07:49:18.257Z,false,true,,,,,+84914516255,prefer_not_not_say,,,,Lưu Thùy Vân,user#pj0ib5,[],
ObjectId(62c7f061bb49b3c0faea612c),broker,2022-07-08T07:49:18.257Z,false,true,,,,,+84917652173,prefer_not_not_say,,,,Ngô Thị Huyền,user#ija44a,[],
ObjectId(62c7f061bb49b3c0faea612d),broker,2022-07-08T07:49:18.257Z,false,true,,,,,+84932950468,prefer_not_not_say,,,,Nguyễn Ngọc Tiến,user#ls8ven,[],
ObjectId(62c7f061bb49b3c0faea612e),broker,2022-07-08T07:49:18.257Z,false,true,,,,,+84934669967,prefer_not_not_say,,,,Cao Tuấn Long,user#kj71f8,[],
ObjectId(62c7f061bb49b3c0faea612f),broker,2022-07-08T07:49:18.257Z,false,true,,,,,+84936070048,prefer_not_not_say,,,,Nguyễn Thành Duy,user#ei3kap,[],
ObjectId(62c7f061bb49b3c0faea6130),broker,2022-07-08T07:49:18.257Z,false,true,,,,,+84936868468,prefer_not_not_say,,,,Lương Thị Hiền,user#sbaar7,[],
ObjectId(62c7f061bb49b3c0faea6131),broker,2022-07-08T07:49:18.257Z,false,true,,,,,+84941308239,prefer_not_not_say,,,,Vũ Thị Thảo Nguyên,user#97egeg,[],
ObjectId(62c7f061bb49b3c0faea6132),broker,2022-07-08T07:49:18.257Z,false,true,,,,,+84942528345,prefer_not_not_say,,,,Nhữ Thị Linh,user#3gk8u2,[],
ObjectId(62c7f061bb49b3c0faea6133),broker,2022-07-08T07:49:18.257Z,false,true,,,,,+84943024590,prefer_not_not_say,,,,Lê Tuấn Anh ,user#3s9dd1,[],
ObjectId(62c7f061bb49b3c0faea6134),broker,2022-07-08T07:49:18.257Z,false,true,,,,,+84944589195,prefer_not_not_say,,,,Phạm Đăng Duy Khánh,user#6jm042,[],
ObjectId(62c7f061bb49b3c0faea6135),broker,2022-07-08T07:49:18.257Z,false,true,,,,,+84946015782,prefer_not_not_say,,,,Vũ Đức Trung,user#peuh7c,[],
ObjectId(62c7f061bb49b3c0faea6136),broker,2022-07-08T07:49:18.257Z,false,true,,,,,+84948352295,prefer_not_not_say,,,,Vũ Ngọc Sơn,user#8bemp3,[],
ObjectId(62c7f061bb49b3c0faea6137),broker,2022-07-08T07:49:18.257Z,false,true,,,,,+84961109933,prefer_not_not_say,,,,Nguyễn Gia Tiến,user#2b1yxg,[],
ObjectId(62c7f061bb49b3c0faea6138),broker,2022-07-08T07:49:18.257Z,false,true,,,,,+84963676786,prefer_not_not_say,,,,Lê Song Nhất,user#n98257,[],
ObjectId(62c7f061bb49b3c0faea6139),broker,2022-07-08T07:49:18.257Z,false,true,,,,,+84964628883,prefer_not_not_say,,,,Liểu Thị Thêm,user#944gem,[],
ObjectId(62c7f061bb49b3c0faea613a),broker,2022-07-08T07:49:18.257Z,false,true,,,,,+84965628758,prefer_not_not_say,,,,Lê Quý Cường,user#x1ayvj,[],
ObjectId(62c7f061bb49b3c0faea613b),broker,2022-07-08T07:49:18.257Z,false,true,,,,,+84967075326,prefer_not_not_say,,,,Nguyễn Thị Thảo,user#ygxuvf,[],
ObjectId(62c7f061bb49b3c0faea613c),broker,2022-07-08T07:49:18.257Z,false,true,,,,,+84967277059,prefer_not_not_say,,,,Phạm Thị Phượng,user#oumu7q,[],
ObjectId(62c7f061bb49b3c0faea613d),broker,2022-07-08T07:49:18.257Z,false,true,,,,,+84967716328,prefer_not_not_say,,,,Phí Thị Yến,user#jdzmp2,[],
ObjectId(62c7f061bb49b3c0faea613e),broker,2022-07-08T07:49:18.257Z,false,true,,,,,+84968013662,prefer_not_not_say,,,,Nguyễn Văn Lượng,user#d56tld,[],
ObjectId(62c7f061bb49b3c0faea613f),broker,2022-07-08T07:49:18.257Z,false,true,,,,,+84969727286,prefer_not_not_say,,,,Đào Thị Hương,user#ljoxqm,[],
ObjectId(62c7f061bb49b3c0faea6140),broker,2022-07-08T07:49:18.257Z,false,true,,,,,+84971614470,prefer_not_not_say,,,,Nguyễn Quang Đồng,user#9dx0au,[],
ObjectId(62c7f061bb49b3c0faea6141),broker,2022-07-08T07:49:18.257Z,false,true,,,,,+84972128398,prefer_not_not_say,,,,Đoàn Văn Thịnh,user#15vcvu,[],
ObjectId(62c7f061bb49b3c0faea6142),broker,2022-07-08T07:49:18.257Z,false,true,,,,,+84973769075,prefer_not_not_say,,,,Nguyễn Minh Thực,user#fi27vb,[],
ObjectId(62c7f061bb49b3c0faea6143),broker,2022-07-08T07:49:18.257Z,false,true,,,,,+84973915212,prefer_not_not_say,,,,Trịnh Tuấn Anh,user#k3gmys,[],
ObjectId(62c7f061bb49b3c0faea6144),broker,2022-07-08T07:49:18.257Z,false,true,,,,,+84974075626,prefer_not_not_say,,,,Đỗ Đức Cường,user#7le8fo,[],
ObjectId(62c7f061bb49b3c0faea6145),broker,2022-07-08T07:49:18.257Z,false,true,,,,,+84975294491,prefer_not_not_say,,,,Nguyễn Việt Hà,user#7e9al0,[],
ObjectId(62c7f061bb49b3c0faea6146),broker,2022-07-08T07:49:18.257Z,false,true,,,,,+84977560199,prefer_not_not_say,,,,Trần Quang Tùng,user#jjzzf3,[],
ObjectId(62c7f061bb49b3c0faea6147),broker,2022-07-08T07:49:18.257Z,false,true,,,,,+84981591375,prefer_not_not_say,,,,Đỗ Hoài Nam,user#rbum5i,[],
ObjectId(62c7f061bb49b3c0faea6148),broker,2022-07-08T07:49:18.257Z,false,true,,,,,+84982591930,prefer_not_not_say,,,,Nguyễn Lan Nhi,user#6psfhp,[],
ObjectId(62c7f061bb49b3c0faea6149),broker,2022-07-08T07:49:18.257Z,false,true,,,,,+84983182495,prefer_not_not_say,,,,Nguyễn Hoài Phương,user#bvyb0b,[],
ObjectId(62c7f061bb49b3c0faea614a),broker,2022-07-08T07:49:18.257Z,false,true,,,,,+84983863171,prefer_not_not_say,,,,Nguyễn Thị Giang,user#gjcrf6,[],
ObjectId(62c7f061bb49b3c0faea614b),broker,2022-07-08T07:49:18.257Z,false,true,,,,,+84984473435,prefer_not_not_say,,,,Nguyễn Mạnh Thành,user#zowi36,[],
ObjectId(62c7f061bb49b3c0faea614c),broker,2022-07-08T07:49:18.257Z,false,true,,,,,+84987261991,prefer_not_not_say,,,,Phạm Bá Hiệp,user#jr7ytc,[],
ObjectId(62c7f061bb49b3c0faea614d),broker,2022-07-08T07:49:18.257Z,false,true,,,,,+84987442830,prefer_not_not_say,,,,Nguyễn Thị Ánh Tuyết,user#3jrbn4,[],
ObjectId(62c7f061bb49b3c0faea614e),broker,2022-07-08T07:49:18.257Z,false,true,,,,,+84988454032,prefer_not_not_say,,,,Nguyễn Trường Sơn,user#i004l9,[],
ObjectId(62c7f061bb49b3c0faea614f),broker,2022-07-08T07:49:18.257Z,false,true,,,,,+84347201603,prefer_not_not_say,,,,Đặng Văn Tiệp,user#obs49f,[],
ObjectId(62c7f061bb49b3c0faea6150),broker,2022-07-08T07:49:18.257Z,false,true,,,,,+84325753598,prefer_not_not_say,,,,Nguyễn Thị Ánh  ,user#cwejab,[],
ObjectId(62c7f061bb49b3c0faea6151),broker,2022-07-08T07:49:18.257Z,false,true,,,,,+84326744305,prefer_not_not_say,,,,Nguyễn Văn Toản,user#sklow5,[],
ObjectId(62c7f061bb49b3c0faea6152),broker,2022-07-08T07:49:18.257Z,false,true,,,,,+84329812474,prefer_not_not_say,,,,Trần Minh Tú,user#03j6e8,[],
ObjectId(62c7f061bb49b3c0faea6153),broker,2022-07-08T07:49:18.257Z,false,true,,,,,+84329999109,prefer_not_not_say,,,,Phạm Trung Kiên,user#60wtyf,[],
ObjectId(62c7f061bb49b3c0faea6154),broker,2022-07-08T07:49:18.257Z,false,true,,,,,+84332199567,prefer_not_not_say,,,,Nguyễn Văn Hùng,user#xxxm0o,[],
ObjectId(62c7f061bb49b3c0faea6155),broker,2022-07-08T07:49:18.257Z,false,true,,,,,+84332258866,prefer_not_not_say,,,,Phan Văn Đức,user#efvolk,[],
ObjectId(62c7f061bb49b3c0faea6156),broker,2022-07-08T07:49:18.257Z,false,true,,,,,+84333023689,prefer_not_not_say,,,,Nguyễn Như Tâm,user#v22s91,[],
ObjectId(62c7f061bb49b3c0faea6157),broker,2022-07-08T07:49:18.257Z,false,true,,,,,+84339649512,prefer_not_not_say,,,,Nguyễn Minh Đông,user#p4doo4,[],
ObjectId(62c7f061bb49b3c0faea6158),broker,2022-07-08T07:49:18.257Z,false,true,,,,,+84342666827,prefer_not_not_say,,,,Phạm Văn Duy,user#4q6yij,[],
ObjectId(62c7f061bb49b3c0faea6159),broker,2022-07-08T07:49:18.257Z,false,true,,,,,+84345024807,prefer_not_not_say,,,,Trần Thị Thu Hòa,user#o56t7o,[],
ObjectId(62c7f061bb49b3c0faea615a),broker,2022-07-08T07:49:18.257Z,false,true,,,,,+84354839239,prefer_not_not_say,,,,Phạm Thị Luân,user#fjsbwl,[],
ObjectId(62c7f061bb49b3c0faea615b),broker,2022-07-08T07:49:18.257Z,false,true,,,,,+84355256372,prefer_not_not_say,,,,Nguyễn Hoàng Nam,user#764og4,[],
ObjectId(62c7f061bb49b3c0faea615c),broker,2022-07-08T07:49:18.257Z,false,true,,,,,+84357963037,prefer_not_not_say,,,,Phùng Minh Hiếu,user#gzts2n,[],
ObjectId(62c7f061bb49b3c0faea615d),broker,2022-07-08T07:49:18.257Z,false,true,,,,,+84358617841,prefer_not_not_say,,,,Nguyễn Thị Hoài Phương,user#4mkeqa,[],
ObjectId(62c7f061bb49b3c0faea615e),broker,2022-07-08T07:49:18.257Z,false,true,,,,,+84359222522,prefer_not_not_say,,,,Nguyễn Phương Nam,user#9a7bo6,[],
ObjectId(62c7f061bb49b3c0faea615f),broker,2022-07-08T07:49:18.257Z,false,true,,,,,+84362036888,prefer_not_not_say,,,,Nguyễn Đức Mạnh,user#p7f7si,[],
ObjectId(62c7f061bb49b3c0faea6160),broker,2022-07-08T07:49:18.257Z,false,true,,,,,+84364956776,prefer_not_not_say,,,,Nguyễn Thị Kim Dua,user#bqq9oe,[],
ObjectId(62c7f061bb49b3c0faea6161),broker,2022-07-08T07:49:18.257Z,false,true,,,,,+84374317722,prefer_not_not_say,,,,Ngô Quang Linh,user#94jrgf,[],
ObjectId(62c7f061bb49b3c0faea6162),broker,2022-07-08T07:49:18.257Z,false,true,,,,,+84376465262,prefer_not_not_say,,,,Lê Đăng Quý,user#g101t2,[],
ObjectId(62c7f061bb49b3c0faea6163),broker,2022-07-08T07:49:18.257Z,false,true,,,,,+84382614953,prefer_not_not_say,,,,Nguyễn Công Phú,user#o8bpfl,[],
ObjectId(62c7f061bb49b3c0faea6164),broker,2022-07-08T07:49:18.257Z,false,true,,,,,+84387767897,prefer_not_not_say,,,,Thiều Quang Đức,user#qtsb6b,[],
ObjectId(62c7f061bb49b3c0faea6165),broker,2022-07-08T07:49:18.257Z,false,true,,,,,+84388137472,prefer_not_not_say,,,,Vũ Thị Vít,user#q07ykc,[],
ObjectId(62c7f061bb49b3c0faea6166),broker,2022-07-08T07:49:18.257Z,false,true,,,,,+84389514463,prefer_not_not_say,,,,Nguyễn Văn Nguyên,user#a72qvk,[],
ObjectId(62c7f061bb49b3c0faea6167),broker,2022-07-08T07:49:18.257Z,false,true,,,,,+84389964746,prefer_not_not_say,,,,Chu Thị Thơm,user#8l09i2,[],
ObjectId(62c7f061bb49b3c0faea6168),broker,2022-07-08T07:49:18.257Z,false,true,,,,,+84394162965,prefer_not_not_say,,,,Nguyễn Thị Khánh Huyền,user#azb5wb,[],
ObjectId(62c7f061bb49b3c0faea6169),broker,2022-07-08T07:49:18.257Z,false,true,,,,,+84395426678,prefer_not_not_say,,,,Tạ Văn Giang,user#kwza2n,[],
ObjectId(62c7f061bb49b3c0faea616a),broker,2022-07-08T07:49:18.257Z,false,true,,,,,+84397860717,prefer_not_not_say,,,,Nguyễn Thu Trang,user#vnjudm,[],
ObjectId(62c7f061bb49b3c0faea616b),broker,2022-07-08T07:49:18.257Z,false,true,,,,,+84565183999,prefer_not_not_say,,,,Nguyễn Thị Trang,user#bq5h56,[],
ObjectId(62c7f061bb49b3c0faea616c),broker,2022-07-08T07:49:18.257Z,false,true,,,,,+84582798713,prefer_not_not_say,,,,Nguyễn Thị Hà,user#gqo2yc,[],
ObjectId(62c7f061bb49b3c0faea616d),broker,2022-07-08T07:49:18.257Z,false,true,,,,,+84845128249,prefer_not_not_say,,,,Nguyễn Thùy Linh,user#e7nrk7,[],
ObjectId(62c7f061bb49b3c0faea616e),broker,2022-07-08T07:49:18.257Z,false,true,,,,,+84856065136,prefer_not_not_say,,,,Đinh Minh Tiến,user#jhzxse,[],
ObjectId(62c7f061bb49b3c0faea616f),broker,2022-07-08T07:49:18.257Z,false,true,,,,,+84858666268,prefer_not_not_say,,,,Phạm Đức Tâm,user#375xcz,[],
ObjectId(62c7f061bb49b3c0faea6170),broker,2022-07-08T07:49:18.257Z,false,true,,,,,+84862751222,prefer_not_not_say,,,,Đặng Văn Huy,user#7auxh6,[],
ObjectId(62c7f061bb49b3c0faea6171),broker,2022-07-08T07:49:18.257Z,false,true,,,,,+84868557558,prefer_not_not_say,,,,Vương Thị Lan Anh,user#iugsfd,[],
ObjectId(62c7f061bb49b3c0faea6172),broker,2022-07-08T07:49:18.257Z,false,true,,,,,+84868900445,prefer_not_not_say,,,,Trần Văn Quân,user#94sncc,[],
ObjectId(62c7f061bb49b3c0faea6173),broker,2022-07-08T07:49:18.257Z,false,true,,,,,+84878154099,prefer_not_not_say,,,,Đỗ Thúy Hường,user#z7jffs,[],
ObjectId(62c7f061bb49b3c0faea6174),broker,2022-07-08T07:49:18.257Z,false,true,,,,,+84889361591,prefer_not_not_say,,,,Đỗ Thị Khánh Ly,user#r7uqh9,[],
ObjectId(62c7f061bb49b3c0faea6175),broker,2022-07-08T07:49:18.257Z,false,true,,,,,+84911938602,prefer_not_not_say,,,,Trần Thu Hà,user#ed3kzs,[],
ObjectId(62c7f061bb49b3c0faea6176),broker,2022-07-08T07:49:18.257Z,false,true,,,,,+84914343555,prefer_not_not_say,,,,Nguyễn Tuấn Anh,user#ykmq9c,[],
ObjectId(62c7f061bb49b3c0faea6177),broker,2022-07-08T07:49:18.257Z,false,true,,,,,+84917566835,prefer_not_not_say,,,,Lê Văn Tú,user#21cxrv,[],
ObjectId(62c7f061bb49b3c0faea6178),broker,2022-07-08T07:49:18.257Z,false,true,,,,,+84936373705,prefer_not_not_say,,,,Nguyễn Thị Xuân Phương,user#onxkvl,[],
ObjectId(62c7f061bb49b3c0faea6179),broker,2022-07-08T07:49:18.257Z,false,true,,,,,+84943686822,prefer_not_not_say,,,,Lê Thư Duyên,user#kw8afm,[],
ObjectId(62c7f061bb49b3c0faea617a),broker,2022-07-08T07:49:18.257Z,false,true,,,,,+84946950833,prefer_not_not_say,,,,Nguyễn Văn Chuyên,user#wy75dm,[],
ObjectId(62c7f061bb49b3c0faea617b),broker,2022-07-08T07:49:18.257Z,false,true,,,,,+84962255599,prefer_not_not_say,,,,Khổng Minh Trọng,user#ho8p40,[],
ObjectId(62c7f061bb49b3c0faea617c),broker,2022-07-08T07:49:18.257Z,false,true,,,,,+84963762689,prefer_not_not_say,,,,Nguyễn Hà Trang,user#n99nfi,[],
ObjectId(62c7f061bb49b3c0faea617d),broker,2022-07-08T07:49:18.257Z,false,true,,,,,+84965134486,prefer_not_not_say,,,,Trần Tiến Nam,user#0mgdig,[],
ObjectId(62c7f061bb49b3c0faea617e),broker,2022-07-08T07:49:18.257Z,false,true,,,,,+84966000858,prefer_not_not_say,,,,Lê Xuân Minh,user#7d2i4r,[],
ObjectId(62c7f061bb49b3c0faea617f),broker,2022-07-08T07:49:18.257Z,false,true,,,,,+84972118014,prefer_not_not_say,,,,Trần Văn Tưởng,user#kbickc,[],
ObjectId(62c7f061bb49b3c0faea6180),broker,2022-07-08T07:49:18.257Z,false,true,,,,,+84972541299,prefer_not_not_say,,,,Nguyễn Thúy Hiền,user#59intm,[],
ObjectId(62c7f061bb49b3c0faea6181),broker,2022-07-08T07:49:18.257Z,false,true,,,,,+84972983863,prefer_not_not_say,,,,Đoàn Thị Toan,user#0hqmmq,[],
ObjectId(62c7f061bb49b3c0faea6182),broker,2022-07-08T07:49:18.257Z,false,true,,,,,+84973181148,prefer_not_not_say,,,,Nguyễn Đức Huy,user#ddv37i,[],
ObjectId(62c7f061bb49b3c0faea6183),broker,2022-07-08T07:49:18.257Z,false,true,,,,,+84973363600,prefer_not_not_say,,,,Nguyễn Thị Thúy,user#bnzdta,[],
ObjectId(62c7f061bb49b3c0faea6184),broker,2022-07-08T07:49:18.257Z,false,true,,,,,+84973574025,prefer_not_not_say,,,,Giang Thị Vân,user#gix8mj,[],
ObjectId(62c7f061bb49b3c0faea6185),broker,2022-07-08T07:49:18.257Z,false,true,,,,,+84974338752,prefer_not_not_say,,,,Đặng Công Túc,user#ootirw,[],
ObjectId(62c7f061bb49b3c0faea6186),broker,2022-07-08T07:49:18.257Z,false,true,,,,,+84977200171,prefer_not_not_say,,,,Vũ Thị Thanh Minh,user#raxzug,[],
ObjectId(62c7f061bb49b3c0faea6187),broker,2022-07-08T07:49:18.257Z,false,true,,,,,+84978868294,prefer_not_not_say,,,,Nguyễn Hạnh Nguyên,user#o20cfv,[],
ObjectId(62c7f061bb49b3c0faea6188),broker,2022-07-08T07:49:18.257Z,false,true,,,,,+84979158475,prefer_not_not_say,,,,Trần Văn Huỳnh,user#phmubs,[],
ObjectId(62c7f061bb49b3c0faea6189),broker,2022-07-08T07:49:18.257Z,false,true,,,,,+84984524952,prefer_not_not_say,,,,Đỗ Văn Nguyên,user#02c2on,[],
ObjectId(62c7f061bb49b3c0faea618a),broker,2022-07-08T07:49:18.257Z,false,true,,,,,+84985153693,prefer_not_not_say,,,,Phí Hải Linh,user#yir6md,[],
ObjectId(62c7f061bb49b3c0faea618b),broker,2022-07-08T07:49:18.257Z,false,true,,,,,+84985419006,prefer_not_not_say,,,,Nguyễn Đức Huy,user#4xlmva,[],
ObjectId(62c7f061bb49b3c0faea618c),broker,2022-07-08T07:49:18.257Z,false,true,,,,,+8498869184,prefer_not_not_say,,,,Nguyễn Thu Hiền,user#ldxwx2,[],
ObjectId(62c7f061bb49b3c0faea618d),broker,2022-07-08T07:49:18.257Z,false,true,,,,,+84988784775,prefer_not_not_say,,,,Nguyễn Thị Thu Hằng,user#dpvpv4,[],
ObjectId(62c7f996bb49b3c0faea63ab),broker,2022-07-08T07:49:18.257Z,false,true,,,,,+84347914422,prefer_not_not_say,avatar/947e5b70-7bdc-484a-b840-48617fdd8de5.png,,,Nguyễn Bá Khiêm,Yuki.nguyen,[],cover/c2d43a06-e3d5-44c3-a6ed-be0187d15939.png
ObjectId(62c86cd176d4a912dca3b797),broker,2022-07-08T11:33:36.972Z,false,true,,,,,+84944027851,prefer_not_not_say,avatar/da329adb-b613-4dfd-ad38-2bd03d22eaa5.png,,nhhai0406@gmail.com,Hai Nguyen,HaiNguyen,"[{""key"":""linkedin"",""value"":""https://www.linkedin.com/in/hai-h-nguyen/""},{""key"":""facebook"",""value"":""https://www.facebook.com/HaiHNguyen.BusinessMan""}]",
ObjectId(62c8e41576d4a912dca3bed5),normal,2022-07-08T11:33:36.972Z,false,true,,,,,+84337022312,prefer_not_not_say,,,,,user#z9oen9,[],
ObjectId(62c8e43b76d4a912dca3beda),normal,2022-07-08T11:33:36.972Z,false,true,2022-07-09T02:13:15.395Z,,,,,prefer_not_not_say,avatar/3b2d9420-cc2e-41a9-a1c4-ee6af4fbc0cd.jpeg,103194292997048428455,minhduongnewca@gmail.com,duong nguyen,user#64y5x6,[],
ObjectId(62c8e48276d4a912dca3bf03),broker,2022-07-08T11:33:36.972Z,false,true,,,,0xd43910d5796d23125a56e381a776bcf4f91af4ff,+84975901872,prefer_not_not_say,,,duongdhbk@gmail.com,Nguyễn Tuấn Dương,ngocngoc,"[{""key"":""facebook"",""value"":""https://www.facebook.com/duongnguyentuan.hn""}]",cover/2489a400-613c-43b3-b070-b4182629c537.png
ObjectId(62c8eb0e76d4a912dca3c2b1),normal,2022-07-08T11:33:36.972Z,false,true,,,,0xdca325049f36f6f2b811ea52bad20242680d0441,,prefer_not_not_say,,,,,user#d1200u,[],
ObjectId(62c8ed5c76d4a912dca3c42d),normal,2022-07-08T11:33:36.972Z,false,true,,,,0xf1352ce87ad1506c1f05c5a2d52c79347e9f7f7f,,prefer_not_not_say,,,,,user#ec1lwt,[],
ObjectId(62c8f3c476d4a912dca3c581),broker,2022-07-08T11:33:36.972Z,false,true,2022-07-09T03:19:32.361Z,,,,,prefer_not_not_say,avatar/733687d6-7bd4-4cdc-9513-775282105110.jpeg,108792842950409993504,tranbaongock14@gmail.com,Trần Bảo Ngọc,user#j1tz89,[],
ObjectId(62c9017d76d4a912dca3c973),broker,2022-07-08T11:33:36.972Z,false,true,,,,0x32901efe786cd97db5eb7cee56967c224a6ee05d,,prefer_not_not_say,,,,Thiều Thi Ngọc,Ngocpoly,[],
ObjectId(62c9021376d4a912dca3c9ec),normal,2022-07-08T11:33:36.972Z,false,true,,,,,+84337022316,prefer_not_not_say,,,,,user#x5s9g6,[],
ObjectId(62c903d976d4a912dca3cb39),broker,2022-07-08T11:33:36.972Z,false,true,,,,,+84337022317,prefer_not_not_say,avatar/120c32db-4685-4b18-b63e-da14e1491700.png,,,Thiều Thị Ngọc,Ngoc123,[],cover/c6ef2b8c-df9c-445f-b4be-e4b70f84595e.png
ObjectId(62cbec045cb1f176b737c8ac),normal,2022-07-11T07:43:22.828Z,false,true,,,,0x90d1adaff6527b96c2a1de5214a0482d50f88c2a,,prefer_not_not_say,,,,,user#z9r7xn,[],
ObjectId(62cecddfb6de4c62285f03d4),broker,2022-07-12T09:55:37.112Z,false,true,,,,0x04038d3893cf0400e9285978055ddd18e8083f3b,,prefer_not_not_say,,,,,user#ujdszp,[],
ObjectId(62d6830a637544b68cfc5120),normal,2022-07-18T13:15:43.056Z,false,true,2022-07-19T10:10:18.380Z,,,,,prefer_not_not_say,avatar/b5819a68-52df-4642-9aab-b8271d84c144.jpeg,116541383183067620129,hvtstore07@gmail.com,Hoang Thoan,user#qm4dxe,[],
ObjectId(62d692f2319be80eccdfb9ab),normal,2022-07-19T10:48:45.458Z,false,true,,,,,+84337022311,prefer_not_not_say,,,,,user#0vbup0,[],
ObjectId(62d6bc13319be80eccdfc13f),broker,2022-07-19T10:48:45.458Z,false,true,,,,0x0ccbe4ca09a9d4eacc8448e54b48020e70d71c03,,prefer_not_not_say,,,,,user#av7uem,[],
ObjectId(62d6bf76319be80eccdfc3c8),broker,2022-07-19T10:48:45.458Z,false,true,2022-07-19T14:28:06.545Z,,,,,prefer_not_not_say,avatar/2b3339ca-7892-40d0-9c15-7a3e9419f538.jpeg,107620908231153814336,daviddoan@unicornchain.io,David Doan,user#rkzpkm,[],
ObjectId(62da0625319be80eccdfe20b),broker,2022-07-19T10:48:45.458Z,false,true,,,,,+84337022318,prefer_not_not_say,,,,,user#t6h7ks,[],
ObjectId(62da0fbb319be80eccdfe3fb),broker,2022-07-19T10:48:45.458Z,false,true,2022-07-22T02:47:23.045Z,,,,+84393342381,prefer_not_not_say,avatar/b286eca2-9c0a-4b6f-9cc2-537101254370.png,115070203073298990557,trungduy.tdh@gmail.com,Đoàn Duy,user#0c82u3,"[{""key"":""linkedin"",""value"":""https://www.linkedin.com/in/david-doan-3b0984166/""},{""key"":""twitter"",""value"":""https://twitter.com/David46581826?t=_e5AYG7XNVYrF4DmIcXTDg\u0026s=09""},{""key"":""facebook"",""value"":""https://www.facebook.com/doan.t.duy""}]",cover/8da7b603-6096-4d80-8d41-a455e124375a.png
ObjectId(62da143f319be80eccdfee6f),broker,2022-07-19T10:48:45.458Z,false,true,2022-07-22T03:06:39.328Z,,,,,prefer_not_not_say,avatar/829380a9-cf57-42fa-836c-0e7d4ab73bf8.png,117337169225791601323,info@bnbchain.vn,Vietnam BNBChain,user#egabfc,[],cover/3c13aaab-c7ae-4823-9af7-2a4f5e2ec041.png
ObjectId(62da14d6319be80eccdff129),broker,2022-07-19T10:48:45.458Z,false,true,2022-07-22T03:09:10.548Z,,,,,prefer_not_not_say,avatar/c887399d-4940-4de7-8868-0a48a2704d54.jpeg,107562895024451529810,txlanh.nd@gmail.com,Daniel Tran,user#g3515o,[],
ObjectId(62da158a319be80eccdff203),normal,2022-07-19T10:48:45.458Z,false,true,,,,,+84387546474,prefer_not_not_say,,,,,trang98,[],
ObjectId(62da1805319be80eccdff4af),broker,2022-07-19T10:48:45.458Z,false,true,2022-07-22T03:22:45.309Z,,,,+84982422398,prefer_not_not_say,avatar/b969cbf6-6bab-44c3-a31f-770dfd3f6919.png,109957083251914442887,doanngocquan2012@gmail.com,Quân Đoàn,Quandoan2012,"[{""key"":""twitter"",""value"":""https://twitter.com/David46581826?t=_e5AYG7XNVYrF4DmIcXTDg\u0026s=09""}]",cover/327ac4e2-c03d-4290-a14b-a7edc826759b.png
ObjectId(62da2727319be80ecce00003),broker,2022-07-19T10:48:45.458Z,false,true,2022-07-22T04:27:19.821Z,,,,,prefer_not_not_say,avatar/5a1093e6-5de4-4092-8fcc-463ffa62d806.jpeg,104934826825130125299,dungtran110600@gmail.com,Dung Trần,user#1c2sx8,[],
ObjectId(62da47ff319be80ecce00b60),broker,2022-07-19T10:48:45.458Z,false,true,,,,,+84981685688,prefer_not_not_say,,,,,user#upjtee,[],
ObjectId(62da60a0319be80ecce013d5),broker,2022-07-19T10:48:45.458Z,false,true,,,,,+84966640004,prefer_not_not_say,,,,,user#b9qf6y,[],
ObjectId(62db5e7c319be80ecce029a1),broker,2022-07-19T10:48:45.458Z,false,true,2022-07-23T02:35:40.441Z,,,,+84941011554,prefer_not_not_say,avatar/8aaccf77-5ae8-436f-a1c7-11d7dd569271.jpeg,110696812575796836664,hoangkhoi.ads@gmail.com,Tran Van Tuong,user#avgq6a,[],
ObjectId(62de14c4319be80ecce03b5e),normal,2022-07-19T10:48:45.458Z,false,true,,,,0xae3189f25fc7f876e195bc238e8d3ac4f9ce7497,,prefer_not_not_say,,,,,user#p8sifr,[],
ObjectId(62df74c5319be80ecce04d7f),broker,2022-07-19T10:48:45.458Z,false,true,2022-07-26T04:59:49.847Z,,,,+84969203646,prefer_not_not_say,avatar/2b360c4c-c0e4-4f80-a17d-81420ebbbab9.jpeg,106968096486276837304,tiendatdinh91@gmail.com,Tiến Đạt Đinh,user#yti9e3,[],
ObjectId(62dfb67d319be80ecce05382),normal,2022-07-19T10:48:45.458Z,false,true,2022-07-26T09:40:13.228Z,,,,,prefer_not_not_say,avatar/d17cec9c-ddff-4d53-b33d-7cd158047446.jpeg,107656018667050106877,luongdtjp@gmail.com,ダンルオン,user#qvrd3q,[],
ObjectId(62e3878a319be80ecce06dd2),normal,2022-07-19T10:48:45.458Z,false,true,,,,,+84337033312,prefer_not_not_say,,,,,user#5gjcjc,[],
ObjectId(62e3ba7e319be80ecce0758f),normal,2022-07-19T10:48:45.458Z,false,true,,,,,+840337044312,prefer_not_not_say,,,,,user#8mhrmq,[],
ObjectId(62e79c1e319be80ecce08536),normal,2022-07-19T10:48:45.458Z,false,true,,,,,+84337444312,prefer_not_not_say,,,,,user#0b93oy,[],
ObjectId(62ea1a9fc0b13599eac2528b),normal,2022-08-02T10:09:47.004Z,false,true,2022-08-03T06:50:07.049Z,,,,,prefer_not_not_say,avatar/54b2bbae-8c34-49f9-a8a9-9dff1be070e6.jpeg,110499122352400866357,ndchukss@gmail.com,Nnamdi Uba,user#vfgj2o,[],
ObjectId(62ea2bc8c0b13599eac25a3a),broker,2022-08-02T10:09:47.004Z,false,true,2022-08-03T08:03:20.571Z,,,,+84982833313,prefer_not_not_say,avatar/0b97c5f1-5cac-47fa-b89e-e451b5475b6a.png,104430267722585852517,techon688@gmail.com,Hai Tien,user#f9zgt8,"[{""key"":""facebook"",""value"":""https://www.facebook.com/haitien888""}]",
ObjectId(62ea3becc0b13599eac261e4),broker,2022-08-02T10:09:47.004Z,false,true,,,,,+84917200894,prefer_not_not_say,,,,,user#8t1zr4,[],
ObjectId(62ea8728c0b13599eac27352),normal,2022-08-02T10:09:47.004Z,false,true,,,,,+84931022381,prefer_not_not_say,,,,,user#nums32,[],
ObjectId(62ec03fcc0b13599eac289d9),normal,2022-08-02T10:09:47.004Z,false,true,2022-08-04T17:38:04.276Z,,,,,prefer_not_not_say,avatar/44950c6c-661e-40a1-9e4c-40bb6e99f55a.jpeg,117225946151735741699,ngocttph11520@fpt.edu.vn,Thiều Thị Ngọc PH 1 1 5 2 0,user#h0ppmu,[],
ObjectId(62ec04cfc0b13599eac28a3a),broker,2022-08-02T10:09:47.004Z,false,true,,,,,+84965546979,prefer_not_not_say,,,,,user#y7edhn,[],
ObjectId(62ee1c14c0b13599eac29539),broker,2022-08-02T10:09:47.004Z,false,true,,,,,+84961487312,prefer_not_not_say,,,,,user#8yjqk6,[],
ObjectId(62ef2377c0b13599eac29b03),normal,2022-08-02T10:09:47.004Z,false,true,,,,,+84347914421,prefer_not_not_say,,,,,user#ge76fc,[],
ObjectId(62f08b37c0b13599eac2a4f1),normal,2022-08-02T10:09:47.004Z,false,true,2022-08-08T04:04:07.324Z,,,,,prefer_not_not_say,avatar/d20b0493-8408-4dd7-aca7-0f905d7932ee.jpeg,117921011128288964260,vanhien592002@gmail.com,Hiền Văn,user#jo9dmp,[],
ObjectId(62f33056c0b13599eac2bf02),broker,2022-08-02T10:09:47.004Z,false,true,,,,,+84326660728,prefer_not_not_say,,,,,user#xp80cw,[],
ObjectId(62f34598c0b13599eac2c377),normal,2022-08-02T10:09:47.004Z,false,true,2022-08-10T05:43:52.699Z,,,,,prefer_not_not_say,avatar/837022d4-8263-4134-b3ff-38a0ccdde695.jpeg,104750217608732758943,01692655594.nute@gmail.com,Thess Ahn,user#pksn35,[],
ObjectId(62f4e8e5c0b13599eac2ccfd),broker,2022-08-02T10:09:47.004Z,false,true,,,,,+84981630601,prefer_not_not_say,,,,,user#o16op3,[],
ObjectId(62fc6539c0b13599eac30ec7),broker,2022-08-02T10:09:47.004Z,false,true,2022-08-17T03:49:13.146Z,,,,,prefer_not_not_say,avatar/d3aed91e-09e2-4209-a2fd-7e002b09d349.jpeg,107965192165484201873,ngabui91@gmail.com,Nga Bui,user#fv7o8e,[],
ObjectId(62ff3f03c0b13599eac33e4a),broker,2022-08-02T10:09:47.004Z,false,true,2022-08-19T07:42:59.115Z,,,,+84965219696,prefer_not_not_say,avatar/5b58bac4-fe33-4704-ae84-04dbbf91432b.png,104175219807695225429,buihoaa96@gmail.com,Hoa Bùi,user#42120p,"[{""key"":""facebook"",""value"":""https://www.facebook.com/bui.thanhhoa.988""}]",cover/33a7f9ed-a704-413f-a5ec-4978e972a5e0.png
ObjectId(62ff4965c0b13599eac34641),normal,2022-08-02T10:09:47.004Z,false,true,,,,,+84337022302,prefer_not_not_say,,,,,user#tn4blw,[],
ObjectId(63007f8ac0b13599eac355ce),broker,2022-08-02T10:09:47.004Z,false,true,,,,,+84942489989,prefer_not_not_say,avatar/3d26656f-db5d-4ec1-966d-c3e1e81139e1.png,,,Đinh Công Hải,user#g3w5zd,"[{""key"":""facebook"",""value"":""https://www.facebook.com/profile.php?id=100036474710706""}]",
ObjectId(630595f164b6907eb9f59299),broker,2022-08-22T04:13:01.734Z,false,true,2022-08-24T03:07:29.426Z,,,,+84927287919,prefer_not_not_say,avatar/df38e587-1f5e-4261-969d-ad5806f8a08c.png,105995869159819030438,levanmanh990@gmail.com,Manh Le Van,user#fydtq9,"[{""key"":""facebook"",""value"":""https://www.facebook.com/manh.ace.9""}]",cover/edb38ddd-9f4d-4956-b5d5-db6f1b34ebc5.png
ObjectId(630d65e7699036cd30d70415),broker,2022-08-26T13:56:13.934Z,false,true,,,,,+84915113993,prefer_not_not_say,avatar/ea9c26d4-c44c-4ab8-b86a-4957eeb9c2de.png,,,Ngo Minh Hien,user#9ed0ex,"[{""key"":""facebook"",""value"":""https://www.facebook.com/ngo.mari""}]",
ObjectId(630d9378699036cd30d709fb),normal,2022-08-26T13:56:13.934Z,false,true,,,,,+84899994050,prefer_not_not_say,,,,,user#l3ck2z,[],
ObjectId(6312d8b6699036cd30d7298a),normal,2022-08-26T13:56:13.934Z,false,true,2022-09-03T04:31:50.115Z,,,,,prefer_not_not_say,avatar/ff4a6c5c-5276-4b22-a3af-929ead00e371.jpeg,114758019765375576053,markshim0309@gmail.com,mark shim,user#ydh7g1,[],
ObjectId(63196b00699036cd30d76f17),broker,2022-08-26T13:56:13.934Z,false,true,,,,,+84983892423,prefer_not_not_say,,,batdongsandautu.jsc@gmail.com,Nguyễn Xuân Khiêm,khiemnx,[],
ObjectId(631aad07699036cd30d77e55),broker,2022-08-26T13:56:13.934Z,false,true,2022-09-09T03:03:35.376Z,,,,+84914865652,prefer_not_not_say,avatar/4220feee-6798-4904-bf12-a4630a01a2de.jpeg,115838482221414343112,dangkien.bds@gmail.com,Đăng Kiên Đất Xanh Miền Bắc,user#fnvdcf,[],
ObjectId(6321480c699036cd30d7af42),broker,2022-08-26T13:56:13.934Z,false,true,,,,,+84924400510,prefer_not_not_say,avatar/42fa6f3a-e9e1-440e-8448-4af4f4d983c7.png,,Phankieuphuongb12@gmail.com,Phan Thị Kiều Phương,PhanKieuPhuong,[],cover/7faf271d-dd95-4848-b002-58f9a3e88dbe.png
ObjectId(63293fa0699036cd30d7e439),broker,2022-08-26T13:56:13.934Z,false,true,2022-09-20T04:20:48.923Z,,,,+84817121101,prefer_not_not_say,avatar/378b7a57-3cba-45f3-b11c-63cb42680266.jpeg,106859234136044013603,bich5275@gmail.com,Bích Đào,bich5275,[],
ObjectId(632c5545699036cd30d803cf),broker,2022-08-26T13:56:13.934Z,false,true,,,,,+84988900860,prefer_not_not_say,avatar/ebc646ba-79a6-479b-8c19-645476237a05.png,,,,Hungpvtpkd,[],
ObjectId(6345241d699036cd30d8a2ce),broker,2022-08-26T13:56:13.934Z,false,true,,,,,+84979929295,prefer_not_not_say,,,,,TrieuTam,[],
ObjectId(635504b3699036cd30d946f9),normal,2022-08-26T13:56:13.934Z,false,true,2022-10-23T09:09:07.592Z,,,,,prefer_not_not_say,avatar/0ac5ab51-8efd-4def-a977-b1882fb063c0.jpeg,108040686921604491091,vutyphuvietnam@gmail.com,Hoàng Vũ,user#wov0ep,[],
ObjectId(6356981f699036cd30d952e4),broker,2022-08-26T13:56:13.934Z,false,true,2022-10-24T13:50:23.285Z,,,,,prefer_not_not_say,avatar/d2857141-2408-4b05-9fa1-e0f2570d83c3.png,114693344972664649914,khiemnguyenb98@gmail.com,Khiêm Yuki,user#u7uacy,[],cover/cb7ce3a3-65c9-43f2-b27d-8677292a4be1.png
