<krpano version="1.20.11" title="Virtual Tour">

	<include url="skin/vtourskin.xml" />

	<!-- customize skin settings: maps, gyro, webvr, thumbnails, tooltips, layout, design, ... -->
	<skin_settings maps="false"
	               maps_type="google"
	               maps_bing_api_key=""
	               maps_google_api_key=""
	               maps_zoombuttons="false"
	               maps_loadonfirstuse="true"
	               gyro="true"
	               gyro_keeplookingdirection="false"
	               webvr="true"
	               webvr_keeplookingdirection="true"
	               webvr_prev_next_hotspots="true"
	               autotour="false"
	               littleplanetintro="false"
	               followmousecontrol="false"
	               title="true"
	               thumbs="true"
	               thumbs_width="120" thumbs_height="80" thumbs_padding="10" thumbs_crop="0|40|240|160"
	               thumbs_opened="false"
	               thumbs_text="false"
	               thumbs_dragging="true"
	               thumbs_onhoverscrolling="false"
	               thumbs_scrollbuttons="false"
	               thumbs_scrollindicator="false"
	               thumbs_loop="false"
	               tooltips_buttons="false"
	               tooltips_thumbs="false"
	               tooltips_hotspots="false"
	               tooltips_mapspots="false"
	               deeplinking="false"
	               loadscene_flags="MERGE"
	               loadscene_blend="OPENBLEND(0.5, 0.0, 0.75, 0.05, linear)"
	               loadscene_blend_prev="SLIDEBLEND(0.5, 180, 0.75, linear)"
	               loadscene_blend_next="SLIDEBLEND(0.5,   0, 0.75, linear)"
	               loadingtext=""
	               layout_width="100%"
	               layout_maxwidth="814"
	               controlbar_width="-24"
	               controlbar_height="40"
	               controlbar_offset="20"
	               controlbar_offset_closed="-40"
	               controlbar_overlap.no-fractionalscaling="10"
	               controlbar_overlap.fractionalscaling="0"
	               design_skin_images="vtourskin.png"
	               design_bgcolor="0x2D3E50"
	               design_bgalpha="0.8"
	               design_bgborder="0"
	               design_bgroundedge="1"
	               design_bgshadow="0 4 10 0x000000 0.3"
	               design_thumbborder_bgborder="3 0xFFFFFF 1.0"
	               design_thumbborder_padding="2"
	               design_thumbborder_bgroundedge="0"
	               design_text_css="color:#FFFFFF; font-family:Arial;"
	               design_text_shadow="1"
	               />

	<!--
	    For an alternative skin design either change the <skin_settings> values 
	    from above or optionally include one of the predefined designs from below.
	-->
	<!-- <include url="skin/vtourskin_design_flat_light.xml"  /> -->
	<!-- <include url="skin/vtourskin_design_glass.xml"       /> -->
	<!-- <include url="skin/vtourskin_design_ultra_light.xml" /> -->
	<!-- <include url="skin/vtourskin_design_117.xml"         /> -->
	<!-- <include url="skin/vtourskin_design_117round.xml"    /> -->
	<!-- <include url="skin/vtourskin_design_black.xml"       /> -->


	
	<scene name="scene_1" title="1" onstart="" thumburl="panos/1.tiles/thumb.jpg" lat="" lng="" heading="">
		
		<control bouncinglimits="calc:image.cube ? true : false" />

		<view hlookat="0.0" vlookat="0.0" fovtype="MFOV" fov="120" maxpixelzoom="2.0" fovmin="70" fovmax="140" limitview="auto" />

		<preview url="panos/1.tiles/preview.jpg" />

		<image>
			<cube url="panos/1.tiles/%s/l%l/%v/l%l_%s_%v_%h.jpg" multires="512,640,1280,2624" />
		</image>

	</scene>

	<scene name="scene_1b" title="1b" onstart="" thumburl="panos/1b.tiles/thumb.jpg" lat="" lng="" heading="">
		
		<control bouncinglimits="calc:image.cube ? true : false" />

		<view hlookat="0.0" vlookat="0.0" fovtype="MFOV" fov="120" maxpixelzoom="2.0" fovmin="70" fovmax="140" limitview="auto" />

		<preview url="panos/1b.tiles/preview.jpg" />

		<image>
			<cube url="panos/1b.tiles/%s/l%l/%v/l%l_%s_%v_%h.jpg" multires="512,640,1280,2624" />
		</image>

	</scene>

	<scene name="scene_1c" title="1c" onstart="" thumburl="panos/1c.tiles/thumb.jpg" lat="" lng="" heading="">
		
		<control bouncinglimits="calc:image.cube ? true : false" />

		<view hlookat="0.0" vlookat="0.0" fovtype="MFOV" fov="120" maxpixelzoom="2.0" fovmin="70" fovmax="140" limitview="auto" />

		<preview url="panos/1c.tiles/preview.jpg" />

		<image>
			<cube url="panos/1c.tiles/%s/l%l/%v/l%l_%s_%v_%h.jpg" multires="512,640,1280,2624" />
		</image>

	</scene>

	<scene name="scene_2_(2)" title="2 (2)" onstart="" thumburl="panos/2_(2).tiles/thumb.jpg" lat="" lng="" heading="">
		
		<control bouncinglimits="calc:image.cube ? true : false" />

		<view hlookat="0.0" vlookat="0.0" fovtype="MFOV" fov="120" maxpixelzoom="2.0" fovmin="70" fovmax="140" limitview="auto" />

		<preview url="panos/2_(2).tiles/preview.jpg" />

		<image>
			<cube url="panos/2_(2).tiles/%s/l%l/%v/l%l_%s_%v_%h.jpg" multires="512,640,1280,2624" />
		</image>

	</scene>

	<scene name="scene_2" title="2" onstart="" thumburl="panos/2.tiles/thumb.jpg" lat="" lng="" heading="">
		
		<control bouncinglimits="calc:image.cube ? true : false" />

		<view hlookat="0.0" vlookat="0.0" fovtype="MFOV" fov="120" maxpixelzoom="2.0" fovmin="70" fovmax="140" limitview="auto" />

		<preview url="panos/2.tiles/preview.jpg" />

		<image>
			<cube url="panos/2.tiles/%s/l%l/%v/l%l_%s_%v_%h.jpg" multires="512,640,1280,2624" />
		</image>

	</scene>

	<scene name="scene_7" title="7" onstart="" thumburl="panos/7.tiles/thumb.jpg" lat="" lng="" heading="">
		
		<control bouncinglimits="calc:image.cube ? true : false" />

		<view hlookat="0.0" vlookat="0.0" fovtype="MFOV" fov="120" maxpixelzoom="2.0" fovmin="70" fovmax="140" limitview="auto" />

		<preview url="panos/7.tiles/preview.jpg" />

		<image>
			<cube url="panos/7.tiles/%s/l%l/%v/l%l_%s_%v_%h.jpg" multires="512,640,1280,2624" />
		</image>

	</scene>

	<scene name="scene_8" title="8" onstart="" thumburl="panos/8.tiles/thumb.jpg" lat="" lng="" heading="">
		
		<control bouncinglimits="calc:image.cube ? true : false" />

		<view hlookat="0.0" vlookat="0.0" fovtype="MFOV" fov="120" maxpixelzoom="2.0" fovmin="70" fovmax="140" limitview="auto" />

		<preview url="panos/8.tiles/preview.jpg" />

		<image>
			<cube url="panos/8.tiles/%s/l%l/%v/l%l_%s_%v_%h.jpg" multires="512,640,1280,2624" />
		</image>

	</scene>

	<scene name="scene_10" title="10" onstart="" thumburl="panos/10.tiles/thumb.jpg" lat="" lng="" heading="">
		
		<control bouncinglimits="calc:image.cube ? true : false" />

		<view hlookat="0.0" vlookat="0.0" fovtype="MFOV" fov="120" maxpixelzoom="2.0" fovmin="70" fovmax="140" limitview="auto" />

		<preview url="panos/10.tiles/preview.jpg" />

		<image>
			<cube url="panos/10.tiles/%s/l%l/%v/l%l_%s_%v_%h.jpg" multires="512,640,1280,2624" />
		</image>

	</scene>

	<scene name="scene_14" title="14" onstart="" thumburl="panos/14.tiles/thumb.jpg" lat="" lng="" heading="">
		
		<control bouncinglimits="calc:image.cube ? true : false" />

		<view hlookat="0.0" vlookat="0.0" fovtype="MFOV" fov="120" maxpixelzoom="2.0" fovmin="70" fovmax="140" limitview="auto" />

		<preview url="panos/14.tiles/preview.jpg" />

		<image>
			<cube url="panos/14.tiles/%s/l%l/%v/l%l_%s_%v_%h.jpg" multires="512,640,1280,2624" />
		</image>

	</scene>

	<scene name="scene_15" title="15" onstart="" thumburl="panos/15.tiles/thumb.jpg" lat="" lng="" heading="">
		
		<control bouncinglimits="calc:image.cube ? true : false" />

		<view hlookat="0.0" vlookat="0.0" fovtype="MFOV" fov="120" maxpixelzoom="2.0" fovmin="70" fovmax="140" limitview="auto" />

		<preview url="panos/15.tiles/preview.jpg" />

		<image>
			<cube url="panos/15.tiles/%s/l%l/%v/l%l_%s_%v_%h.jpg" multires="512,640,1280,2624" />
		</image>

	</scene>


</krpano>
