{"indexes":[{"v":{"$numberInt":"2"},"key":{"_id":{"$numberInt":"1"}},"name":"_id_"},{"v":{"$numberInt":"2"},"key":{"username":{"$numberInt":"1"}},"name":"username_1","background":true,"sparse":true},{"v":{"$numberInt":"2"},"key":{"email":{"$numberDouble":"1.0"}},"name":"email_1","unique":true,"partialFilterExpression":{"email":{"$type":"string"}}},{"v":{"$numberInt":"2"},"key":{"publicAddress":{"$numberDouble":"1.0"}},"name":"publicAddress_1","unique":true,"partialFilterExpression":{"publicAddress":{"$type":"string"}}},{"v":{"$numberInt":"2"},"key":{"phoneNumber":{"$numberDouble":"1.0"}},"name":"phoneNumber_1","unique":true,"partialFilterExpression":{"phoneNumber":{"$type":"string"}}}],"uuid":"24b20a589a79491b8a09836956311289","collectionName":"users","type":"collection"}