{"web":{"client_id":"605783579429-l7ng7ou4apm1o3b19nbjatbo69glpqfk.apps.googleusercontent.com","project_id":"meta365","auth_uri":"https://accounts.google.com/o/oauth2/auth","token_uri":"https://oauth2.googleapis.com/token","auth_provider_x509_cert_url":"https://www.googleapis.com/oauth2/v1/certs","client_secret":"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","redirect_uris":["http://localhost:3010/social-checking","https://test.meta365.ai/social-checking","https://meta365.ai/social-checking"],"javascript_origins":["http://localhost:3010","https://test.meta365.ai","https://meta365.ai"]}}